images,target
ahntiidispqylcvpooobbrdsimenol.jpg,0
ahpuycvwilxiipkimwzumzvwtiegom.jpg,1
ahxmuirkfmvybugologcdxlconsfbs.jpg,0
ajchmdwktqtwitqgneeafxhidxamkg.jpg,1
ajfldfzndyfdodmknemntrnnbmyjry.jpg,0
ajobyfcipqvzgtddqywsphgtewgdrx.jpg,1
akkydnvilgvzigllmboonbqbbioocs.jpg,1
aldgvqgvvubfsrpqadningpwdwwjji.jpg,0
alerbvrcbgcixyzdlyffzbfkpdgwkd.jpg,1
alfuzzlrjkdrrzauiswqnuvpvzfluc.jpg,0
ambbkpqhgtcwjofhbdceuorvkywjxc.jpg,0
anucwhkyyhlkxnlbkmuqnxqmxsbhta.png,0
aqdlngpcxkwcjimrenxphhaotwvgrs.jpg,0
aqkluebfguwjhfdnbtawdmdqodyyeu.jpg,1
atdwaouazthyftuuesnxnwlhsrpyro.jpg,0
atywjyglemsgynxsvkjfmtmfmizfbd.jpg,1
augqgteilmkcvkahfvognxdnegfkqh.jpg,1
autvannlbggmjsuhqbnnffyhrnyyhp.jpg,0
auykulkvfqecycisekctygdvygjhrc.jpg,0
aveecvuafgubjfweqsfyomjgyazdxs.jpg,0
aveyxuohexvwmtgiqqldejobxhcbru.jpg,1
avonwanlpmjublxobnbelmbqlhyhfs.jpg,0
awhhryrsvjdvwoncwmfdvoswcfzgou.png,1
awztldxsdhvpliitmxpmnaxbhcwixc.png,0
axgzuajfnlaucpbqcaefhqeczaeebl.jpg,0
ayoltpbaswdlkawidwfyxuzuepxbdv.png,1
ayqcgikqwwnikkwdufxnxhfixdpelp.jpg,0
azadjuyizexjplduvaljrdnrjtanva.jpg,0
azgujihjrssbfelgjrhcrebstgmqau.jpg,0
azhnlhylrgishwltvtvjwwddqpkbje.jpg,0
azkbnpwcbpgczhrrxakogdmhqlbzzd.jpg,1
baecitodgixqzomgkuuixhtpxalmzi.jpg,0
bahdwupocidtwpmrhpwdkpdgysdpss.jpg,1
bakyihlfeuqedfiasisbhaltyyhhzp.jpg,1
bbjxnuqmvboqpfkaphzvtzsocoyxri.jpg,0
bbncsestiogrfkymcgbrpxajcokkox.jpg,0
bbnnirhwbpqrtjcxkdicxahpqepggl.jpg,1
bbolakporoaeojpqandvajgrojnkaj.jpg,1
bcaihuylsfysvkykincbwuusrxreut.jpg,1
bcjtxzwosngtmfmhqjpwukughmymbg.jpg,1
bcqfficwazmpxairlfnchvusputshk.jpg,1
beawbpzupyaqkmkezucjpdqahqybxx.jpg,1
bepkxvwpehwdzhpqsminxiiusoitjo.jpg,1
bfjrheksmajsxlorqmwtpwjonzkyiv.jpg,0
bfzywqezzscawfjsygusklocmwifue.jpg,1
bivegebpyjsmiaylkruufjevjxqydc.jpg,1
blgzlxqgcpxulfwfywadwbbeptqcol.jpg,1
blmgakpsirdrdnimkjwdnbusgactzx.jpg,1
blndjtttrlsvlvcbsrflouowheehrc.jpg,0
bmhlecdnfmddqxlykcvgjckrpgpppo.jpg,0
bmipwwyounohgccldmwellfetufruq.jpg,1
bmvnzkvdelwaoppjowbbezfdzyufzu.jpg,1
bnefzpazanzhkwwqmkqfrwejnfrylo.jpg,0
bnsstzvjlmwfeypiwmkcpdcnnftsuq.jpg,0
botfdlboeryhmfxctjvzbqriqyonuv.jpg,0
bpjgrawxmtctfhcujukasbzbnuphee.jpg,1
bpwzubqeojttiklnrskmqheackknsn.jpg,0
bqjjodotjhmmchkiityjpmglknkzdq.jpg,0
brskgxgxzricfzbtutpmakgmbkeiry.jpg,1
bszfernptnnwfktzdwxzpymffrfvtd.jpg,1
btxrtykxyndbccgvyboscqgesotvhy.jpg,0
bucfsqoezlveinjzzyyfiianjzrklf.jpg,1
bumetltzkxhqikkcvtewednjvxkdxt.jpg,0
bumysvveeazrijrxjggemuksmzrnxo.jpg,0
buqtwduolgzpbaaonfaoljoxoijpqr.jpg,0
bvrbztwngoiduyhlrnxnybuqamwdjq.jpg,1
bwljrrnypwhgdnpqumlueqlfdfoseu.png,1
bwrmkzlhqvmecajtmfvicmankqhpvk.jpg,1
bxeaxkqkamzqcdfaajiybvvxvqkmil.jpg,0
bynakhmyescxfghpzliqaaewgtlhas.jpg,0
cacwfcrwoztpldtkbpgyevdtveivnt.jpg,1
cardhcxwgvssmxwbbusexerokdxwzc.png,0
cbcxffrtsrkmynokplvgcehktbftyw.jpg,1
cbgxdkgquywmdaapvjgfdwigfoxeix.jpg,1
cbiddxjkuflcqhqbzesnsbjaljwlxj.jpg,1
ccirxsmowrnvtbuuwfxzbilufxhmxg.png,0
ccpskwjtxpkwxhowtovvbtrdxmzcun.jpg,1
ccsqimshvulntrsulqmquamhgqdfim.jpg,0
cdugozukojbkpzksazbxqxnpxnoxts.jpg,0
cemwpmilmtzyyvpoxxflruiyubdzvc.jpg,0
ceozklyaiyxgecshtygxhifbdvrash.jpg,1
cetwookalphtxhtbwgcpzfjpmasfic.png,1
cgnarbagkiqkuvnbgidtpbpzlxxzzc.jpg,0
chayxrbgfnnnkqiyuwmyxonmkhzoya.jpg,0
cjsjioqkweumqcnobaydijuvfvtrel.jpg,0
cjudleddqmenoqztjyfirsrzlctcgn.png,0
cjwpnfekhljhtuetdninpdgeqdewqi.jpg,1
cjzsootzherxxbjigvhtuywulkizoj.jpg,1
clibkrbidguqcugbkymxqioqwolsvv.jpg,0
cnlmaezsbsykjrtguadjaevcaqhart.jpg,1
cnyjqachaoirjtlwuvfmhuseblqzty.jpg,1
cnzwogmqaujdoaoctjcufqkmivzndh.jpg,1
coailpnigqsodekojjozsixodaiafl.jpg,0
coovnsfdkljilkmozibvtrrocukecq.jpg,0
coqliuutcrbvczilweljtcvjsonnmr.jpg,1
cporvbdxoqrfixolhjekytjjhfaxak.jpg,1
cppeuzgqltblfdxsvwwzcrlorytkvf.jpg,1
cqhlktnhplqxefxijdqwvatnmjiuox.jpg,0
cqlnluvdmthsupoqpmeakhwacncjes.jpg,0
crlejkufdsvxrvgsitttbafwokmbiy.jpg,1
cruflligcqifwoncmbkjzmzmvshxgd.jpg,0
csoqfmptkoxwkmkgvqijdkdcisegml.jpg,0
csrqrzoyceubuehyicuwjisnsvyfuk.jpg,0
cuyrcyiknlfplflhwhntqniyetqrdd.jpg,1
cwpopsihrhiapzrwdhyrbomfvxnwke.jpg,1
cwzcmlxrbqaooqbkorglcztgvodlod.jpg,1
cxcbhkudpsisssjflxuagoxflcoxnk.jpg,1
cxnmwtwjlhvwljnwzdyucnlrkwmzva.jpg,0
cxqpaaqtsdapvpcoizxcayhyfykmjl.jpg,0
cxtbkqwdjxgxlieyzzfokybmrynvzt.jpg,0
cxxmnqdjxblkxkojspbzdgeoybkyxu.jpg,0
czbfqnlbawoxoekelhsqqeelermwqs.jpg,1
czfaqpiyukmerduehjkdrhkhtqxbia.jpg,0
dazkdezgehvbieiapklvcrroxflbwl.jpg,0
dbiadtjlgrzzqoghwvdutgcmamwyle.jpg,1
dbuvujopjxofqfcsxghgeruyrhqamf.jpg,0
ddmvffnxrrqoftjquegcfyynvbpioe.jpg,0
dfbqqsvocxgkdljrvnnztyvaexmxgp.jpg,0
dfdwmbjhcgucbnbsanowgrsgticryg.jpg,0
dfqkkbuzpttzniwjarlmkhbxsdouoo.jpg,0
dhehiouqegpspfnclnohhsebenkdoj.jpg,1
dhxbbarhojjiuoacxyzdtayykriavi.jpg,1
djdsobvkfuoagxivxpraiusgzjozds.jpg,0
dkdsvadunhgyrbvvkqmxngleibpbvl.jpg,1
dlvyrcgnkszeodhqrtdqfietiaxpgc.jpg,0
dlwfjuarrbdhmyqmvivmigwogbrvve.jpg,0
dmnoheipgfrpddjrompmbbeamnkdhu.jpg,1
dmxqloymxorkvxpgnitpmpuosewzhw.jpg,0
dnzimlvqpkwyhmsdwqwpuewzbdqzmg.png,1
doebulowehyakthlkgzxotiyellgas.jpg,1
doyhoqamjdzhrhbpojtvsttntwlvxw.jpg,1
dpdeuxtkwvguedrtkxpoqhlzmaaprz.jpg,1
dpnnhtmzinfjwzxeihghlsaugrseso.jpg,1
dpyeigsuhkdzjmslxzpnuomzhgghqf.jpg,0
dqhgxnmlcyindyufkvtbxzhwmwgbum.jpg,1
dqkqlwspzvuqandxmjnevnuugebonm.jpg,0
dqxbhahwtsftpzeyzuctzxbmovacgz.jpg,1
dqxvxxubawuwmythhsrxztgpopfvih.jpeg,0
drqvhgjwrpsddpddweufwsmkgxsljd.jpg,0
dshtrcyfhcxdnmqcpqaachrxbmraqm.png,0
dthpinelztapoyhclbpyyxijcqcsyv.jpg,0
dtrlwzntgfeyuzgelpgqzalycwterw.jpg,0
dugilrfchbpvfsbojwitoywjprqqnp.jpg,1
duklcvxoojiiwicpknlsfmixvorlds.png,0
dunxkrdrwflfehxmvrbyewkyxecctu.jpg,1
dusrdvulolkrvswqywrqcndcwzavmw.jpg,1
duythftfcibydcrmobngveppsbczuq.jpg,0
dveocsyrdwmmokqvzmherympxsnhjg.jpg,0
dwsgrqlfgrztnpkjwnwkgbofeaikcj.jpg,0
dxkxrtwzulytuhegnxjznhxxsqdvjt.jpg,0
dxtrdikuzexsokwddvpdyoywovrekg.jpg,1
dxvvzecbbpshpfoygmhuotnlrrbtxu.jpg,1
dxzrogtvgozaougbwabycxrljodbtr.jpg,0
dyintomnapqkperdaokbxbsyrgiadi.jpg,1
dyptlmycbpowmtzaralzdgnxgozdlo.jpg,1
dzjseqqhiwqnxopkdrxmkgxhqipjbl.jpg,0
dzqqgepjddvbjfkbnhhqexbxcrhuyy.png,1
eckxcaejqyvtuechtzdhqwvgztzsbl.jpg,1
efmhnpqnpslwrheitqwdjiggqvjzqq.jpg,0
ehbimzgfxadawpajkdviszqeljafwq.jpeg,0
ehfnvpictkwhhnzmtsypriqbfknrgn.jpg,1
eiourdtjqltuzxrcniohobbxkfvmup.jpg,1
ejlgvrdessutninowqefntjvkjifpe.jpg,0
ejmhvjdcgulaxvqqwyuwabbwqjievn.jpg,1
ejxavuqtingroxooeqduqpnvqlugox.jpg,1
ekmlxxoresvqgdmowrfbpzgwrfjbhk.jpg,1
ekyurepahzoaxcofcxlnjlwebjzsrt.jpg,0
embrjjkivqljstbjxqealmnaikwuxr.jpg,1
eodhtjbqngqohblzkawmgcdrejkxvm.jpg,0
eoeatxoppisxmubbwmpnabjbezizgx.jpg,0
eouybnsapmsazlkxozskmiobmzezts.jpg,1
eoyfnldavjpyxjmxcvgxreuoleerng.jpg,1
epicmexrbnzcoykteovumnjlpeeejh.jpg,1
eqirckpknxclvrlxvfxaswsodbxlmm.jpg,0
ergczyzhllvoskumrkngdpvqjjzfio.jpg,0
ertrdwzalmofqmiykebcdbzamuvuag.jpg,0
esassakucannvulxjghgegguvlqalx.jpeg,1
esmvrdjcwstleaviidsugiofmjmemb.jpg,0
esnluvhtqidrmszlwleweibivslvrr.jpg,1
etdttnaofpvzbpekfuymfliovmwxxk.jpg,0
etekjhnbxmblheabzurggqzrpeiscb.png,1
ethbvskgnyzyuirqytshhzvyzbqjxv.jpg,0
eusetdoazbgklyqcezwcacrokjcufo.jpg,0
evagshnpvvgtrfpffihyasqsrdiwpk.jpg,1
evwjjlpbaiqsyxtsmrduitjsswxkje.jpg,0
exfkjarfpkqwyzpfkolhmyijlgluit.jpg,1
eyfruosenrvdfoaeonbxkwajgumlso.jpg,1
ezpufvruyaycpcrcfuovbimxvhzcaw.jpg,1
fafcnwbkuuwiburppvdrmecsijfine.jpg,1
farjpgawowkvandaiyutqnfxllvokd.jpg,1
fbapxijsbxkhhukxpbdhhujxetoqsu.jpg,1
fcfxeivmcnzvbzjujnqfnyjripbhtc.jpg,0
fcjuairujezzonrmgfkwygqpglkyls.jpg,1
fdbhnkispxlueshxexbfvmlwmyyudb.jpg,0
fdvsetdagdudjtstnbcxbcbqkvfygm.jpg,1
ffstpobcxhdierscaqhreofaxiliip.jpg,1
fgftnknjgcslhmzvgzyevuwbjvmolz.jpg,1
fhvdgoubvfcgxjujffdgyklyosgres.jpg,1
fjmhjzkfxneibvblroehhjvukxmbct.jpg,1
fljvamzsszpwkqeorlousfurjgdxlp.jpg,1
fmfvfghsinkonxccjgusnozgemghyj.jpg,0
fmkdsmhmklnzkownqsschpnomjedlx.jpg,0
fnefuqqsicuqfsymibosjdjwawrmvq.jpg,1
fnkfsdjmdihrmynpqxmnrwzxessrdc.jpg,1
fnnyhmbbxyapetrlgvdlkgfylxxqfd.jpg,0
fqkgmohcyrwitoufxpoovwogpciawl.jpg,0
fqoupwfhdrmccemzqoftmcsfqxmizt.jpg,1
frriasrrutbfzggwldhrkzkkdtddbg.jpg,0
fsqlihawzshtlycpvdthekrazqqvmh.jpg,1
fuwljbuiohnagiaxljrwdwhmqhqobp.jpg,1
fvalbwostdugdeyqukpbassdlstthi.jpg,0
fvitugrhbmzimhnlanfwqhnmtovgob.jpg,1
fvvzssylplidrbhtvshkkfflzatqsd.jpg,1
fwxxyrdpmsjwreikgwnocqleeytefi.jpg,1
fxabxelzigxmknqqpjmwxczofzhdxi.jpg,1
fxrmuuyabdjwnsveyuijcliwmywezh.jpg,1
fxvcfrxiuugxcrdvdbfnchmqnjohot.jpg,0
fycejvqxgxkxwoisphftuwvqheqori.jpg,0
gdhzlcfqsexrthbxdmldnxorvyonua.jpg,0
gdkceqpjaozdsbfuaapadetsdgsoyz.jpg,1
gdwbhsehebmpgcfbndlibiccryfxid.jpg,1
geadhikvjfcvvrtszjsxqnevbdvstr.jpg,1
geaxljqcgthkjujpgjqtinitobfjqe.jpg,0
gfnnwwospjgyqghrcbknsqjogxmiiv.jpg,0
gglpwfczlsqndffskujhufshlgfzqp.jpg,0
ggqkntfyrhgeizstqrxlhhpwvjykbl.jpg,1
ggyhyjsskaumafaleouvuyscinpfyl.jpg,0
ghmijyiesngyvgpegpucabzamjblhg.jpg,1
giigxikznzogtrwiqdlrgcdrhbndrp.jpg,0
gkfzppfnyudvlfjjltjihfdeqxmbyf.jpg,1
gkkyvkssgzphtrubosqxyhkaihmixj.jpg,0
gknekhtxumsiktsbnrmczrczxalrml.jpg,1
glpbrbtkrussrnfolvxynzjdfkvbin.jpg,0
gmmctpebnxdfvykbiasvvtcshrljkm.jpg,1
gnclxgzfgljkgxteykrmjkagyjzxsb.png,1
gnyzdykynwgfkopwlswdcsvsicyhmv.jpg,1
goxowiqsuthbriuqxiespbmeegqkvf.jpg,1
gpdzmbpraahoopwhejmqwivkflodni.jpg,0
gppgpyeceknjakxhnvcgivtzqkexdt.jpg,1
gqmexiddrtuljtycctgadegzqycifc.png,1
gqvlpcoulkstqqwwosnyykhlvxbwtg.jpg,0
gsjyikrwaodcitgrgcsalsppuceamz.jpg,1
gsrkelpufbyhyoryilxvbkdtmdlxrf.jpg,1
gtzurjavpwvdfgkayjdynxafofdyia.jpg,1
gvpxmmxppqjudjgopzedpjxypiptvv.jpg,1
gvryvlubplzelzmzewqhwohzqtljdw.jpg,0
gvykagbusbpbuzcvkftzaatczcevwk.png,1
gxcddcokodvhhuwipfpbopbnsikinn.jpg,0
gxoniiscwsmaaerouetsyezthremux.jpg,1
hcysrvramduefsgkkgvqbmxzlodgal.jpg,0
hdftlvovpcycpipsqjnfxbzuvmlnlm.jpg,1
hdkrlyaphygybkarupttnzhzmopelk.jpg,0
hdrkardohmljfoaejdpbpkutfrdfur.jpg,0
hdwjqqdkarrqltwnslvzarpzmbnvji.jpg,0
heqiaofffcburzidjsvkjwlbkddobm.jpg,0
heuqhpcwahmjeeipvgluvesvgasxku.jpg,0
heuuxfbctezhtpqdxzpzrgpkwjecro.jpg,1
hfapbkmzaukgteyznxzekvlnopjtpl.jpg,1
hfbevhhmejjmdndclkpyeyaideyjgp.jpg,1
hgfhebhlukffugwvbwaufynionfkfo.jpg,0
hgnrxclaqbyniafndxadftlzibefwx.jpg,1
hhvcwwflndvijdhxmkfuyjnclnbbzr.jpg,0
hirjzqktwfoauvblgqocpnrhksqdih.jpg,0
hiwgxsnpmjqzbprcwidavwhtgpaldv.jpg,0
hjwetiuvurvgbrjltkrqnxxpqvqjxi.jpg,0
hkftgcijkghprpxyuknyfimzjlzpde.jpg,0
hliwxrvmssilvybjbccoaxecnltylv.jpg,1
autgwhcjgvsfakpitnsnrokzbcglon.jpg,0
avkicuxahzozhlebetkvlzrsnmovcm.jpg,1
avwvzassocxwtlojdywtsfadlhikll.jpg,1
ayrhyxisagkltdwypeacrdwucsnues.jpg,1
azazbwzigdzxxsvmcizyuqgivdyhzn.jpg,1
azfbfdfqkxkktbfwafkalnkguaxfzj.jpg,0
aznaeyueexqslcxxsdjtmhlxvaqfqe.jpg,0
bakmhsflobtjjwilhsiqynhmnrjjnq.jpg,1
bctvvfysokpohqxzngbuuaugtgtkov.jpg,0
bdfsxxapztrhbmnjjxxrxpnhnuwzxk.jpg,0
bhczfsgehqldydadvfldnunftxzfdv.jpg,0
bhlaxcbmkuzxpudcoliyjwbjfgzped.jpg,0
bhyajkefrzixtsylypevexueyjgtky.jpg,0
bifznsjlljsdatbtmokwhhwoshezsg.jpg,1
bihlsygajgvqsywzkpfbmupevnuoqh.jpg,0
bjlwcuatbrxhdxocieancqgdlgqnma.jpg,0
bkhjxlxizjiychukanlstfpcodlubc.jpg,0
blbabryszqrxysxftlqxqbpxowwxuc.jpg,1
bmfuiqctvegtolqbbmcfomduklrgyb.jpg,0
bmxsckmkwapkagiozaynnonavjcgen.jpg,1
bnsqhptlglmoenyzgkrbcyxsznizfb.jpg,1
bokaluyqtprwstaomabkyywzpnrngs.jpg,0
bophtvssbpnmzkxfxuvupbriwazlcz.jpg,1
bplxokaadmxrmwucjvwtoxryickzve.jpg,0
bpsqgullbohggorgbajkjoktqvkapv.jpg,0
bqudlucapxfguiydzopfdvuasiwscs.jpg,1
broomszdrrefxhmthsxwurzfuutkft.jpeg,0
bryydceebocakswstrbehhcavohezb.jpg,0
btxlkthqwakcphyrimpedjjyxfgaey.jpg,0
buulolwbdhuiyrqgaiteadiljzosjj.jpg,0
bvzojhjcmtfccktnbljmylimgnfwsb.jpg,0
bxazgghixladgkjuctwbbplfusnmuz.jpg,1
bypdthgrbdszfzyxdhptlbgmxbueyj.jpg,1
bzdueelveubapkgmqbhzrerdmvbqtz.jpg,0
bzplufpvmvfbbmbpqrozifdlelvjcf.jpg,0
bzrmghogcsqxrnyseupryqumtlklqf.jpg,0
bzrsikipeicitszmwmfqytppuajwiu.jpg,1
caaanbfdannyhhjhixwpagygktuagk.jpg,1
captiqioqqslxlipgqznzxtpwzevls.jpg,0
ccglfyhcakkzwlaufiuuabxhurdbso.jpg,1
ccliaukfdmqskirlsqaemkdtziyhos.jpg,0
cdxocpqismtjtcoiqncmocnyhqipeq.jpg,0
cedgvznnkdxgvubwvjbgqvxetzqipb.jpg,1
ceqdxlmbzctzmurwdxbknlxqjsudce.jpg,0
cfeetndnzhmalxewaafeorzbjfdkkp.jpg,1
cfyvfdnelarfyxmouktgsoooweofva.jpg,0
cgwdqwlcoccoxkgsojluuxxruomhfb.jpg,1
chmzrwqfqjxakeopoegnmpacmeomri.jpg,0
cjbutauggylhztvnyutbozyfqaealv.jpg,0
cjdycjgptonhopomfjmycbfswkfahz.jpg,1
ckofltoqmzivjbakehrnhycvqblhqt.jpg,0
clcluoyktakfjgcjyjgbbrhaxjkanl.jpg,0
cnbzcotscamiuegmdomzehahnjirwi.jpg,0
cnhpwvnrhpynjtzaqywhjzmealvepr.jpg,1
cnszgibvpzkbpwwypnwqckfjybvezl.jpg,0
cpnmrxmbyqddxsssfksmpotmiukzjy.jpg,0
cptrylokoqvforyrunlffjjxtfefyu.jpg,0
cqdjlrayzabbezezeorfytdclhhsao.jpg,0
cqpkwmcvjustitisurvvxhguqkqlcm.jpg,0
cretuknwxxgomuvfyqxmufphbiomzm.jpg,0
crpqcbskzewheohrtccujmzcpbibmo.jpg,1
cruutpydetlyxxnzfjkedebmqxawxh.jpg,0
csaamuupuegbgkdvhihaucddwkvgcg.jpg,1
csuuwclepbakojtvhlplvxenlnqeob.jpg,1
cswbdmyixhgdmijgyjubfspitwdchv.jpg,0
ctphrbatrhaucvhkjbiocaaohfzctt.jpg,0
cvcakuzugpciyrleluofjxfnyitkpp.jpg,0
cvkfdxcopqlrsadqmweypjtbmdsxab.jpg,0
cwinthcylkxogdbzmdegsdmrtdgsjt.jpg,1
cxpggaenxadozfeebdjhykalhvlzwz.jpg,1
cynaerknbrqzwlssknbvxqoffjfmqa.jpg,0
cyqpraocamaxzxaoivpbuybxmpcwij.jpg,1
cytfwnqddgfmwopldwoyzfgvdshchj.jpg,1
cyuhqosnymnrludnccguohuyyzegti.jpg,0
czzrmnxapwoytmvxmynsjeuroqdsdt.jpg,0
dacidgvhrcgyttssxvfcsancaqkqhb.jpg,0
daojyiptizhycqshksqlpxqsnyxplk.jpg,1
dbegrxzxpmcxwcvgkgnbcjrmsthuyj.jpg,1
dbjdjyhnbvblwhhnfzaahzhdezbbib.jpg,1
dcpnflnvxiemwvoeztorrnhibjwfuf.jpg,1
dcwpsjckwixmxqskhpxcspulebewsw.jpg,1
dfiphtbjdqlbfwbrcavjuxniyhmuab.jpg,1
dgclmkygpoghuheokjzhvblmzkzdin.jpg,0
dgvpyfcaevlthqplomgwuhnoajuwye.jpg,1
dgzjgjduiwcejpltzhhsdrsfrfwbhm.jpg,0
dhcyrecupnqhsmwidgcgghdvkmlsfi.jpg,1
dihlagwlolbphxxdxmfbsmaeqqqcgs.jpeg,0
djzcaenuiuyjxjskpdwvsfoyffajpk.jpg,1
djzdqczfwvrsxvdevsnilzqmtmepjx.jpg,0
dkmgufimutebgluihdujtpdyrpwsto.jpg,1
dlaaovaxfeqezvculovoovlyakhlgd.jpg,1
dmxiuglmblflcszviponrmqjtgvanx.jpg,0
dnadyjmewxvquiaiwpxbiwtejdfovs.jpg,0
dneansozlgoktirzhykdooadkhiwhq.jpg,1
dnzsxkpbmmtytvrlklmnbprbcwysix.jpg,0
dobcmgwjiiurqultatbxuigachntms.jpg,1
dobrsakjzqfkkwbuvhfpxgjynstyjd.jpg,0
doyfmrkrfntvborrdvoxnblajbljrr.jpg,1
dqzsjtgepucdjtkuyqesmirmsuirqe.jpg,1
drmoebbhqisquqphavixhalrxqnxvi.jpg,1
dsjbrulubqhgnczbjaxjgpajpwdclj.jpg,0
dueetwolvbwjxqhmvrmhkjxoxjatxh.jpg,1
dvrxczrzjwjgyqgfgegvhwnbhathms.jpg,0
dxulyaoosgkinkmpmnjukqyqzwvgtn.jpg,1
dyjtodxzlakemnjmxwcvxezykwmvoo.jpg,0
eaxmwpspgnifqyfwbzbocbzhnvgyzo.jpg,1
ecuptzpfygltduxkcfcdmuwgwgabpp.jpg,0
ecwyzrchdkydfhollnvgwqqafoccrb.jpeg,0
eeqwbaulsufnzyosiyusetoxjpnkvn.jpg,0
egmlopponygomfuzzhzoextlxzgkmo.jpg,1
ehaiqgjrscawsjlalremwzcxmatnfk.png,0
eijlcxndtcvdunbcfsyskzeecytlnt.jpg,1
ejwoiledjlwunsjpnuquukzkjhalov.jpg,0
ekhsqeikglgbtweorgldsicfxtomck.jpg,0
elajrsvrogkgcerlrfjvwgzqdzjumg.jpg,1
emtetjfvjynygrlylqpjgycqgkndtw.jpg,1
enpkviardsazgyepmymcseehqaadeq.jpg,0
eodhhoakptpopitocuudmfaljlnxab.jpg,0
eofsqiwaevaeqkxjdayeeyzhliteho.jpg,0
eovlaektknghkpghvyrafpoaxjrdnd.jpg,0
eowgxpfwjhfpfvoytzlejmtyxegcfx.jpg,1
ephswqkcpeioizkuebvyoryzafttzl.jpg,0
eplqsimumlncrsppcvakbcztbqgjkx.jpg,0
epnrpsjgdleufervdcbkrtgfnnbfzy.jpg,1
eqhyxymtcmsvgesckcrjowyebhnohw.jpg,0
eqwpusalrfwfmvgdlowponrletetye.jpg,1
eqycjhiuvqojearvldxihxvmrajwtc.jpg,1
erlikrotyjjkqbrapvknuabpsmaewf.jpg,1
etwqgdkqabjtjltlscecnmqulvdrdw.jpg,0
euaxozalqcqmhzyvxpiihzcvfzpcub.jpg,0
evstzeujdndvuhnvkqaztcypobvlbc.jpg,0
ewrlffkoseneqgraxwhomtlwxiwekb.jpg,1
exsgpqdwklswcjnraroqelbpxnoivq.jpg,0
eyavyurhmycfumwdjnvvxenleadrcl.jpg,0
eyzpghuongisnbaqoireqbizfxffgg.jpg,0
ezmnotqwlrngiwgnwbaheeoueyxvny.jpg,0
fapilwermttlugsicjndwiipuorfvh.png,1
fdmqoopxbplrqdgbjsfsnkislltona.jpg,0
fefhbwjojkixcapyhinlmsqvjyhjmk.jpg,0
fepflxwsprpjvagweolynfosnytarh.jpg,0
ffszehfyrajcvlrynygukinvotlshg.jpg,1
fgtyzqjuatsdfpstjjoygpbxswbqdw.jpg,1
fgwjrbepbyjmakbkjmqwbivmqwznez.jpg,1
fhbhkdyfrjsymzsvfxustejtuzqzlw.jpg,0
fhggkjdcfrlbgjgdohqetzvtzvzwox.jpg,1
fhhipzleexntfxjqfztvtikwqlylfz.jpg,0
fhikknnhdjhhefvrspitjwrvdiyxht.png,0
fingxvtrgywssidapmeibojfikcrlv.jpg,0
fiqdcxovnvzymlxzrdahilaehlvwxt.jpg,1
fixdgxhzcchvubfhadkvdfvefiohmc.jpg,1
fohxsjmbxsoevtjrjdlmghiuiqliph.jpg,0
frpsiqoutwcdsluictnefqjbnhaojr.jpg,1
fstuusiywhuxkcqlgiunxqbbthjcjb.jpg,0
ftcupseqywfpqtfftqilalhmaanpcv.jpg,0
fuldxhllmyyhygdvrczspchtlwifqm.jpg,0
fusqppukkoqlzlqylwaoenicbulzhk.jpg,1
fviuatnyidoogxihohcslvxjsvqbrr.jpg,1
fvlynglrxqdpvnhnaojggecbomqvbr.jpg,1
fvmrktruwpyzblmwwnubraikddamol.jpg,1
fvyderokisqwuoqwuaoadkkvtfoeya.jpg,1
fwjhmiqtdoufzyyzkjzxrhzdwkcedo.jpg,1
fwmtgqhmsnzriudqgiettemjaudwut.jpg,1
fwuxbadfizrgicahpdyzrdtcessmju.jpg,1
fxkkripbvitiqtsukplynjrmychvrx.jpg,0
fzndcjcmodhbdeunmladhvphggphiz.jpg,1
fzzerkfxkskldmdivgqwytijtcgncv.jpg,1
gadijdxgeinztdiaolvtceypzbvlam.jpg,0
gasebinrzzlngekakwjbrajmnslllv.jpeg,0
gbdwbyuafezgszupikmwrdivflidna.jpg,0
gbfvanqxwaqvwzxuqegqaompgvsamm.jpg,1
gbkwnxvtghembeknvbhaynwxnxlhjh.jpg,0
gcfjvimyajtagycfofeygpwkyuhxoz.jpg,0
gdaerivtdrevgzykzxkygfdxnonpvc.jpg,0
gdcoqmmdamygotimbpptsrdkfgncxr.jpg,1
geszfskhujvpyziumhlqpgptmpajtt.jpg,1
getiewdijstnrhqdfbogfcwalvcmen.jpg,1
gexghbuikqpefswrouipqfgvkzdkzv.jpg,1
gftflwiwqrswxrpccfpkhdftoajcws.jpg,0
gfzzbdsqmxtuhebmakkqfchefhkcxc.jpg,0
ggdhjmbpjmsypnhoygnjazxmmiajoi.jpg,0
ghrmrfrolhxyxvjxptjaiaixlbholy.jpg,0
gjppsnmwvegpfaotczwscojavigasa.jpg,1
gkxebviifcnfepepkzewerqlksciqa.jpg,0
gkxlqxmuohjzxzweewniylzaxuqiit.jpg,0
gkxlskgoqgmqkdsgnelilksjyucgro.jpg,1
gkyjkeedaemohdobanmdzbibahhdkk.jpg,1
glnkqsehtsemwxgfcabdouxnguoope.jpg,1
gmfqxdujxlpwhdyhbpnczckmpdybfi.jpg,1
gmgpdflphzxcjngvqpgwqjwcnugelz.jpg,1
gmocqhzokvhyrkohiraxixdbmcscjq.jpg,0
gmquckbspnnynsvwiuprdeuutxcwzy.jpg,1
gngoauwyvtrnomekbcbhqmrfcubent.jpg,0
goqvtxrmmybbdrlchmzknkpkikevck.jpg,0
gpjdwopftszmosweyaapcvnamyfxso.jpg,1
gqacfwfotqwlbvmobfdquaduwhdpck.jpg,1
gqbziiohphcmauvpfwlcpyxqqapghh.jpg,1
gqyiqggsgtqtmwpjtctzgajzbxlebs.jpg,0
gqyjkyvhkkgfldgfvrkwvogjnganlj.jpg,1
greuliaymizfmfvngfqmrbzayusphp.jpg,0
griokgoxjwgbtlffxnqnoefynizroa.jpg,0
gsphpflowsxvbzmqoehtwimxigmexc.jpg,1
gtydqhzuwwcebasjexbrajitsqhnfh.jpg,0
gvffkeypaoiwhtdwczabeuqtyiugtr.jpg,1
gviiddyxzzxeahhufylmqigymemiar.jpg,1
gvuvnlfasuyymmwljewpzgkmpaohrg.jpg,1
gvzjodvhueivloxnomfhmpmcdbzvap.jpeg,0
gybimawglrtzozisflzbfehsuxiooy.jpg,0
gyufmuyplkhgejrjmsenqbbtcdaawf.jpg,0
gzgiwpkzpxvezrswkevtepwikkkleq.jpg,1
gzmchbgmbiwuyckveuenjgkutgaoqk.jpg,0
gzmiyxrvuprhvkmnckztiadtirmwrj.jpg,1
haghwzucuaiwbeuerzxnrnflkytyqu.jpg,1
hankcxghyoazepdywzlbuuayejuntb.jpg,1
hclashbzvbpoddhniowbyasrkaiwlo.jpeg,1
hdbpxzzycbxmhtdjzgreegugifjikb.jpg,0
hddqpruzeyfpuemmkrvajzewjauqbg.jpg,0
hdmcngrvtgikfstjgrgqfotraeffgg.jpg,0
heagvsqrcarbiqiadaefbecybcehmr.jpg,1
hepwugnfdvxafszdjsdmscpcvejipp.jpg,0
hfugennzaspblyszakjfezvwzgfnfp.jpg,1
hgbhvmgchsixnirburjixmorloqwja.jpg,0
hguumdaaqstpcffrlexqqlngjimmdo.jpg,1
hhirnwzcfyhnrwbfjmhioqyosjouxm.jpg,1
hhrnkmszodxwjwikxbsmcnbwrddvgd.jpg,1
hhzjziuzpzjalbviclpbecvjqrclee.jpg,0
hijxddncbcjlrtfnhxiiknslsottkh.jpg,1
hjnduugmtqaplhzparygqzacienndc.jpg,1
hkkdallyhxmfjjchsoxesxebhtygvq.jpg,1
hmxlvorxckkvgfoilmkjcqopybnyxc.jpg,0
hnkqokgieyopckjbaenpdmgnpntnzz.jpg,0
hnmbjysdtuiasvlabvnataindypuzu.jpg,0
hohsxxdwzmeqmcrpvnzmuooozbtvia.jpg,1
hphgwudyfwnedmmpjzzwkbxrpbuqis.jpg,0
hpkpizxbhygjxpkggxunjnhzfquigs.jpg,0
hpurkuyxligdvrhgbtibxzbmkbvvzc.jpg,0
hqeofiflkshpmnrxlccsidhzmnuthh.jpg,1
hqfzdsgslobnqxhvrhbuoiowyghdfo.jpg,0
hqkiscewcaqppiyjjuksivjwliehhb.jpg,0
hqxkkaletsjpqenfgprderxwvvdtwx.jpg,1
hsdekumjteanhjgggeilimmmnsgizw.jpg,0
hsozemoydvjgwrrcjwczacsvvziofs.jpg,0
hsyezwcpciffcupbkadwtcqpxhlofh.jpg,0
